{
    "name": "root",
    "gauges": {
        "RollerBall.Policy.Entropy.mean": {
            "value": 1.2064629793167114,
            "min": 1.2064629793167114,
            "max": 1.3998329639434814,
            "count": 50
        },
        "RollerBall.Environment.EpisodeLength.mean": {
            "value": 5.4,
            "min": 5.4,
            "max": 11.134363852556481,
            "count": 50
        },
        "RollerBall.Policy.ExtrinsicValueEstimate.mean": {
            "value": 0.9694941639900208,
            "min": 0.3352595269680023,
            "max": 0.9722184538841248,
            "count": 50
        },
        "RollerBall.Environment.CumulativeReward.mean": {
            "value": 0.9948750800768738,
            "min": 0.393681652490887,
            "max": 0.9987163029525032,
            "count": 50
        },
        "RollerBall.Policy.ExtrinsicReward.mean": {
            "value": 0.9948750800768738,
            "min": 0.393681652490887,
            "max": 0.9987163029525032,
            "count": 50
        },
        "RollerBall.Losses.ValueLoss.mean": {
            "value": 0.0017278889426961541,
            "min": 0.0006308758747763932,
            "max": 0.1415664106607437,
            "count": 50
        },
        "RollerBall.Losses.PolicyLoss.mean": {
            "value": 0.24145710468292236,
            "min": 0.23671160638332367,
            "max": 0.25211960077285767,
            "count": 50
        },
        "RollerBall.Policy.LearningRate.mean": {
            "value": 2.988130518133403e-06,
            "min": 2.988130518133403e-06,
            "max": 0.0002966851752717048,
            "count": 50
        },
        "RollerBall.Policy.Epsilon.mean": {
            "value": 0.10099601000547409,
            "min": 0.10099601000547409,
            "max": 0.19889505207538605,
            "count": 50
        },
        "RollerBall.Policy.Beta.mean": {
            "value": 1.4880451089993585e-05,
            "min": 1.4880451089993585e-05,
            "max": 0.0004945857799611986,
            "count": 50
        },
        "RollerBall.IsTraining.mean": {
            "value": 1.0,
            "min": 1.0,
            "max": 1.0,
            "count": 50
        }
    },
    "metadata": {
        "timer_format_version": "0.1.0",
        "start_time_seconds": "1594213982",
        "python_version": "3.6.9 (default, Apr 18 2020, 01:56:04) \n[GCC 8.4.0]",
        "command_line_arguments": "/usr/local/bin/mlagents-learn minicursomlagents/config/rollerball_config.yaml --env=minicursomlagents/GameWindow/Roller3D_16Agents.x86_64 --run-id=ColabTrainingSecond16Agents --no-graphics",
        "mlagents_version": "0.17.0",
        "mlagents_envs_version": "0.17.0",
        "communication_protocol_version": "1.0.0",
        "tensorflow_version": "2.2.0",
        "end_time_seconds": "1594214806"
    },
    "total": 824.315132109,
    "count": 1,
    "self": 0.2262385549998953,
    "children": {
        "run_training.setup": {
            "total": 0.010963803000038297,
            "count": 1,
            "self": 0.010963803000038297
        },
        "TrainerController.start_learning": {
            "total": 824.077929751,
            "count": 1,
            "self": 77.93483194500004,
            "children": {
                "TrainerController._reset_env": {
                    "total": 0.5350781700000198,
                    "count": 1,
                    "self": 0.5350781700000198
                },
                "TrainerController.advance": {
                    "total": 745.4878583400001,
                    "count": 89972,
                    "self": 1.5444386660317377,
                    "children": {
                        "env_step": {
                            "total": 743.9434196739684,
                            "count": 89972,
                            "self": 693.3193660709801,
                            "children": {
                                "SubprocessEnvManager._take_step": {
                                    "total": 48.94513892298454,
                                    "count": 89972,
                                    "self": 2.8855985159792112,
                                    "children": {
                                        "NNPolicy.evaluate": {
                                            "total": 46.05954040700533,
                                            "count": 31263,
                                            "self": 46.05954040700533
                                        }
                                    }
                                },
                                "workers": {
                                    "total": 1.6789146800037429,
                                    "count": 89972,
                                    "self": 0.0,
                                    "children": {
                                        "worker_root": {
                                            "total": 819.8334930640207,
                                            "count": 89972,
                                            "is_parallel": true,
                                            "self": 572.641032892044,
                                            "children": {
                                                "run_training.setup": {
                                                    "total": 0.0,
                                                    "count": 0,
                                                    "is_parallel": true,
                                                    "self": 0.0,
                                                    "children": {
                                                        "steps_from_proto": {
                                                            "total": 0.0015431720000265159,
                                                            "count": 1,
                                                            "is_parallel": true,
                                                            "self": 0.00019814199998791082,
                                                            "children": {
                                                                "_process_vector_observation": {
                                                                    "total": 0.001345030000038605,
                                                                    "count": 2,
                                                                    "is_parallel": true,
                                                                    "self": 0.001345030000038605
                                                                }
                                                            }
                                                        },
                                                        "UnityEnvironment.step": {
                                                            "total": 0.030268408999972962,
                                                            "count": 1,
                                                            "is_parallel": true,
                                                            "self": 0.000157617000013488,
                                                            "children": {
                                                                "UnityEnvironment._generate_step_input": {
                                                                    "total": 0.0003486169999860067,
                                                                    "count": 1,
                                                                    "is_parallel": true,
                                                                    "self": 0.0003486169999860067
                                                                },