{
    "name": "root",
    "gauges": {
        "RollerBall.Policy.Entropy.mean": {
            "value": 1.1862303018569946,
            "min": 1.1862303018569946,
            "max": 1.4056525230407715,
            "count": 50
        },
        "RollerBall.Environment.EpisodeLength.mean": {
            "value": 3.229404309252218,
            "min": 2.955661124307205,
            "max": 14.655555555555555,
            "count": 50
        },
        "RollerBall.Policy.ExtrinsicValueEstimate.mean": {
            "value": 0.9791361689567566,
            "min": 0.13037218153476715,
            "max": 0.9834235310554504,
            "count": 50
        },
        "RollerBall.Environment.CumulativeReward.mean": {
            "value": 0.9928057553956835,
            "min": 0.2079646017699115,
            "max": 0.9970833333333333,
            "count": 50
        },
        "RollerBall.Policy.ExtrinsicReward.mean": {
            "value": 0.9928057553956835,
            "min": 0.2079646017699115,
            "max": 0.9970833333333333,
            "count": 50
        },
        "RollerBall.Losses.ValueLoss.mean": {
            "value": 0.0025997788179665804,
            "min": 0.0010645928559824824,
            "max": 0.1670742928981781,
            "count": 50
        },
        "RollerBall.Losses.PolicyLoss.mean": {
            "value": 0.23106467723846436,
            "min": 0.2214159518480301,
            "max": 0.25911983847618103,
            "count": 50
        },
        "RollerBall.Policy.LearningRate.mean": {
            "value": 3.045944140467327e-06,
            "min": 3.045944140467327e-06,
            "max": 0.00029697196441702545,
            "count": 50
        },
        "RollerBall.Policy.Epsilon.mean": {
            "value": 0.10101527720689774,
            "min": 0.10101527720689774,
            "max": 0.19899065792560577,
            "count": 50
        },
        "RollerBall.Policy.Beta.mean": {
            "value": 1.4974878467910457e-05,
            "min": 1.4974878467910457e-05,
            "max": 0.0004950541770085692,
            "count": 50
        },
        "RollerBall.IsTraining.mean": {
            "value": 1.0,
            "min": 1.0,
            "max": 1.0,
            "count": 50
        }
    },
    "metadata": {
        "timer_format_version": "0.1.0",
        "start_time_seconds": "1595125196",
        "python_version": "3.7.5 (default, Apr 19 2020, 20:18:17) \n[GCC 9.2.1 20191008]",
        "command_line_arguments": "/home/danilo/Unity3D/RollerBallNew/env/bin/mlagents-learn config/rollerball_config.yaml --run-id=TesteT2A1 --force",
        "mlagents_version": "0.17.0",
        "mlagents_envs_version": "0.17.0",
        "communication_protocol_version": "1.0.0",
        "tensorflow_version": "2.2.0",
        "end_time_seconds": "1595126324"
    },
    "total": 1127.8438113519987,
    "count": 1,
    "self": 0.01340546999927028,
    "children": {
        "run_training.setup": {
            "total": 0.007020576000286383,
            "count": 1,
            "self": 0.007020576000286383
        },
        "TrainerController.start_learning": {
            "total": 1127.8233853059992,
            "count": 1,
            "self": 74.23405893156087,
            "children": {
                "TrainerController._reset_env": {
                    "total": 9.944394018999446,
                    "count": 1,
                    "self": 9.944394018999446
                },
                "TrainerController.advance": {
                    "total": 1043.533722142438,
                    "count": 115096,
                    "self": 1.7198661057900608,
                    "children": {
                        "env_step": {
                            "total": 1041.8138560366478,
                            "count": 115096,
                            "self": 1003.5632230228603,
                            "children": {
                                "SubprocessEnvManager._take_step": {
                                    "total": 36.62491531693195,
                                    "count": 115096,
                                    "self": 2.652863972243722,
                                    "children": {
                                        "NNPolicy.evaluate": {
                                            "total": 33.972051344688225,
                                            "count": 31257,
                                            "self": 33.972051344688225
                                        }
                                    }
                                },
                                "workers": {
                                    "total": 1.625717696855645,
                                    "count": 115096,
                                    "self": 0.0,
                                    "children": {
                                        "worker_root": {
                                            "total": 1123.50031320177,
                                            "count": 115096,
                                            "is_parallel": true,
                                            "self": 522.7007130652346,
                                            "children": {
                                                "run_training.setup": {
                                                    "total": 0.0,
                                                    "count": 0,
                                                    "is_parallel": true,
                                                    "self": 0.0,
                                                    "children": {
                                                        "steps_from_proto": {
                                                            "total": 0.0005933219999860739,
                                                            "count": 1,
                                                            "is_parallel": true,
                                                            "self": 0.00015268000061041676,
                                                            "children": {
                                                                "_process_vector_observation": {
                                                                    "total": 0.0004406419993756572,
                                                                    "count": 2,
                                                                    "is_parallel": true,
                                                                    "self": 0.0004406419993756572
                                                                }
                                                            }
                                                        },
                                                        "UnityEnvironment.step": {
                                                            "total": 0.01769951099959144,
                                                            "count": 1,
                                                            "is_parallel": true,
                                                            "self": 0.00012339899876678828,
                                                            "children": {
                                                                "UnityEnvironment._generate_step_input": {
                                                                    "total": 0.0001909889997477876,
                                                                    "count": 1,
                                                                    "is_parallel": true,
                                                                    "self": 0.0001909889997477876
                                                                },
                                                                "communicator.exchange": {
                                                                    "total": 0.017153921000499395,