{
    "name": "root",
    "gauges": {
        "RollerBall.Policy.Entropy.mean": {
            "value": 1.086595058441162,
            "min": 1.086595058441162,
            "max": 1.399233341217041,
            "count": 50
        },
        "RollerBall.Environment.EpisodeLength.mean": {
            "value": 3.2742004264392324,
            "min": 3.134710743801653,
            "max": 34.6415770609319,
            "count": 50
        },
        "RollerBall.Policy.ExtrinsicValueEstimate.mean": {
            "value": 0.9497966766357422,
            "min": 0.3529168963432312,
            "max": 0.9571792483329773,
            "count": 50
        },
        "RollerBall.Environment.CumulativeReward.mean": {
            "value": 0.9437731441196268,
            "min": 0.06461302918425199,
            "max": 0.9523624544564379,
            "count": 50
        },
        "RollerBall.Policy.ExtrinsicReward.mean": {
            "value": 0.9437731441196268,
            "min": 0.06461302918425199,
            "max": 0.9523624544564379,
            "count": 50
        },
        "RollerBall.Losses.ValueLoss.mean": {
            "value": 0.0031394187826663256,
            "min": 0.0015630521811544895,
            "max": 3.3730580806732178,
            "count": 50
        },
        "RollerBall.Losses.PolicyLoss.mean": {
            "value": 0.22138410806655884,
            "min": 0.22138410806655884,
            "max": 0.2581596374511719,
            "count": 50
        },
        "RollerBall.Policy.LearningRate.mean": {
            "value": 2.99480052490253e-06,
            "min": 2.99480052490253e-06,
            "max": 0.00029716413700953126,
            "count": 50
        },
        "RollerBall.Policy.Epsilon.mean": {
            "value": 0.10099823772907257,
            "min": 0.10099823772907257,
            "max": 0.19905467331409454,
            "count": 50
        },
        "RollerBall.Policy.Beta.mean": {
            "value": 1.4891345017531421e-05,
            "min": 1.4891345017531421e-05,
            "max": 0.0004953680327162147,
            "count": 50
        },
        "RollerBall.IsTraining.mean": {
            "value": 1.0,
            "min": 1.0,
            "max": 1.0,
            "count": 50
        }
    },
    "metadata": {
        "timer_format_version": "0.1.0",
        "start_time_seconds": "1595133970",
        "python_version": "3.7.5 (default, Apr 19 2020, 20:18:17) \n[GCC 9.2.1 20191008]",
        "command_line_arguments": "/home/danilo/Unity3D/RollerBallNew/env/bin/mlagents-learn config/rollerball_config.yaml --run-id=TesteT2A4 --force",
        "mlagents_version": "0.17.0",
        "mlagents_envs_version": "0.17.0",
        "communication_protocol_version": "1.0.0",
        "tensorflow_version": "2.2.0",
        "end_time_seconds": "1595135121"
    },
    "total": 1151.1318906439992,
    "count": 1,
    "self": 0.013589854999736417,
    "children": {
        "run_training.setup": {
            "total": 0.006241614999453304,
            "count": 1,
            "self": 0.006241614999453304
        },
        "TrainerController.start_learning": {
            "total": 1151.112059174,
            "count": 1,
            "self": 71.18853430036688,
            "children": {
                "TrainerController._reset_env": {
                    "total": 28.618211822002195,
                    "count": 1,
                    "self": 28.618211822002195
                },
                "TrainerController.advance": {
                    "total": 1051.196397126634,
                    "count": 103591,
                    "self": 1.6583109372695617,
                    "children": {
                        "env_step": {
                            "total": 1049.5380861893645,
                            "count": 103591,
                            "self": 1009.0362015203464,
                            "children": {
                                "SubprocessEnvManager._take_step": {
                                    "total": 38.99396175058064,
                                    "count": 103591,
                                    "self": 2.7739367279173166,
                                    "children": {
                                        "NNPolicy.evaluate": {
                                            "total": 36.22002502266332,
                                            "count": 31258,
                                            "self": 36.22002502266332
                                        }
                                    }
                                },
                                "workers": {
                                    "total": 1.5079229184375436,
                                    "count": 103591,
                                    "self": 0.0,
                                    "children": {
                                        "worker_root": {
                                            "total": 1146.89168120853,
                                            "count": 103591,
                                            "is_parallel": true,
                                            "self": 553.1031854396861,
                                            "children": {
                                                "run_training.setup": {
                                                    "total": 0.0,
                                                    "count": 0,
                                                    "is_parallel": true,
                                                    "self": 0.0,
                                                    "children": {
                                                        "steps_from_proto": {
                                                            "total": 0.0006692329989164136,
                                                            "count": 1,
                                                            "is_parallel": true,
                                                            "self": 0.00017197700071847066,
                                                            "children": {
                                                                "_process_vector_observation": {
                                                                    "total": 0.000497255998197943,
                                                                    "count": 2,
                                                                    "is_parallel": true,
                                                                    "self": 0.000497255998197943
                                                                }
                                                            }
                                                        },
                                                        "UnityEnvironment.step": {
                                                            "total": 0.02000790699821664,
                                                            "count": 1,
                                                            "is_parallel": true,
                                                            "self": 0.0001237479991686996,
                                                            "children": {
                                                                "UnityEnvironment._generate_step_input": {
                                                                    "total": 0.00020337499881861731,
                                                                    "count": 1,
                                                                    "is_parallel": true,
                                                                    "self": 0.00020337499881861731
                                                                },
                                                                "communicator.exchange": {
                                                                    "total": 0.01941760200134013,