{
    "name": "root",
    "gauges": {
        "RollerBall.Policy.Entropy.mean": {
            "value": 0.954825758934021,
            "min": 0.954825758934021,
            "max": 1.4023065567016602,
            "count": 50
        },
        "RollerBall.Environment.EpisodeLength.mean": {
            "value": 2.2711198428290764,
            "min": 1.4882617382617382,
            "max": 3.914020517830972,
            "count": 50
        },
        "RollerBall.Policy.ExtrinsicValueEstimate.mean": {
            "value": 0.886660635471344,
            "min": -0.2979978919029236,
            "max": 0.9151366353034973,
            "count": 50
        },
        "RollerBall.Environment.CumulativeReward.mean": {
            "value": 0.8707067397312841,
            "min": -0.29000734417763996,
            "max": 0.8955598402969953,
            "count": 50
        },
        "RollerBall.Policy.ExtrinsicReward.mean": {
            "value": 0.8707067397312841,
            "min": -0.29000734417763996,
            "max": 0.8955598402969953,
            "count": 50
        },
        "RollerBall.Losses.ValueLoss.mean": {
            "value": 0.048700012266635895,
            "min": 0.026139792054891586,
            "max": 1.817628264427185,
            "count": 50
        },
        "RollerBall.Losses.PolicyLoss.mean": {
            "value": 0.2372453808784485,
            "min": 0.22605814039707184,
            "max": 0.26361384987831116,
            "count": 50
        },
        "RollerBall.Policy.LearningRate.mean": {
            "value": 2.9947582333988976e-06,
            "min": 2.9947582333988976e-06,
            "max": 0.00029703538166359067,
            "count": 50
        },
        "RollerBall.Policy.Epsilon.mean": {
            "value": 0.10099821537733078,
            "min": 0.10099821537733078,
            "max": 0.19901178777217865,
            "count": 50
        },
        "RollerBall.Policy.Beta.mean": {
            "value": 1.4891275895934086e-05,
            "min": 1.4891275895934086e-05,
            "max": 0.0004951576702296734,
            "count": 50
        },
        "RollerBall.IsTraining.mean": {
            "value": 1.0,
            "min": 1.0,
            "max": 1.0,
            "count": 50
        }
    },
    "metadata": {
        "timer_format_version": "0.1.0",
        "start_time_seconds": "1595505671",
        "python_version": "3.7.5 (default, Apr 19 2020, 20:18:17) \n[GCC 9.2.1 20191008]",
        "command_line_arguments": "/home/danilo/Unity3D/RollerBallNew/env/bin/mlagents-learn config/rollerball_config.yaml --run-id=RandomVelocity --force",
        "mlagents_version": "0.17.0",
        "mlagents_envs_version": "0.17.0",
        "communication_protocol_version": "1.0.0",
        "tensorflow_version": "2.2.0",
        "end_time_seconds": "1595507329"
    },
    "total": 1658.1235432430112,
    "count": 1,
    "self": 0.016188154011615552,
    "children": {
        "run_training.setup": {
            "total": 0.015456408000318334,
            "count": 1,
            "self": 0.015456408000318334
        },
        "TrainerController.start_learning": {
            "total": 1658.0918986809993,
            "count": 1,
            "self": 114.83826690216665,
            "children": {
                "TrainerController._reset_env": {
                    "total": 35.06969751800352,
                    "count": 1,
                    "self": 35.06969751800352
                },
                "TrainerController.advance": {
                    "total": 1508.0693256848172,
                    "count": 132856,
                    "self": 2.6623524455353618,
                    "children": {
                        "env_step": {
                            "total": 1505.4069732392818,
                            "count": 132856,
                            "self": 1451.74140722437,
                            "children": {
                                "SubprocessEnvManager._take_step": {
                                    "total": 51.35023742732301,
                                    "count": 132856,
                                    "self": 3.8729116150643677,
                                    "children": {
                                        "NNPolicy.evaluate": {
                                            "total": 47.47732581225864,
                                            "count": 31256,
                                            "self": 47.47732581225864
                                        }
                                    }
                                },
                                "workers": {
                                    "total": 2.3153285875887377,
                                    "count": 132856,
                                    "self": 0.0,
                                    "children": {
                                        "worker_root": {
                                            "total": 1651.5528689842904,
                                            "count": 132856,
                                            "is_parallel": true,
                                            "self": 794.9307748668798,
                                            "children": {
                                                "run_training.setup": {
                                                    "total": 0.0,
                                                    "count": 0,
                                                    "is_parallel": true,
                                                    "self": 0.0,
                                                    "children": {
                                                        "steps_from_proto": {
                                                            "total": 0.0007037100003799424,
                                                            "count": 1,
                                                            "is_parallel": true,
                                                            "self": 0.00016044400399550796,
                                                            "children": {
                                                                "_process_vector_observation": {
                                                                    "total": 0.0005432659963844344,
                                                                    "count": 2,
                                                                    "is_parallel": true,
                                                                    "self": 0.0005432659963844344
                                                                }
                                                            }
                                                        },
                                                        "UnityEnvironment.step": {
                                                            "total": 0.029024919000221416,
                                                            "count": 1,
                                                            "is_parallel": true,
                                                            "self": 0.00010064798698294908,
                                                            "children": {
                                                                "UnityEnvironment._generate_step_input": {
                                                                    "total": 0.00030968000646680593,
                                                                    "count": 1,
                                                                    "is_parallel": true,
                                                                    "self": 0.00030968000646680593
                                                                },