{
    "name": "root",
    "gauges": {
        "RollerBall.Policy.Entropy.mean": {
            "value": 1.1946905851364136,
            "min": 1.1946905851364136,
            "max": 1.4086123704910278,
            "count": 50
        },
        "RollerBall.Environment.EpisodeLength.mean": {
            "value": 5.462233699160749,
            "min": 5.362014021669854,
            "max": 13.6875,
            "count": 50
        },
        "RollerBall.Policy.ExtrinsicValueEstimate.mean": {
            "value": 0.9525911808013916,
            "min": 0.3343910574913025,
            "max": 0.9726753234863281,
            "count": 50
        },
        "RollerBall.Environment.CumulativeReward.mean": {
            "value": 0.9754363283775048,
            "min": 0.4073529411764706,
            "max": 0.999360204734485,
            "count": 50
        },
        "RollerBall.Policy.ExtrinsicReward.mean": {
            "value": 0.9754363283775048,
            "min": 0.4073529411764706,
            "max": 0.999360204734485,
            "count": 50
        },
        "RollerBall.Losses.ValueLoss.mean": {
            "value": 0.007861458696424961,
            "min": 0.0004152851179242134,
            "max": 0.10984393954277039,
            "count": 50
        },
        "RollerBall.Losses.PolicyLoss.mean": {
            "value": 0.23893140256404877,
            "min": 0.2358832061290741,
            "max": 0.2553113102912903,
            "count": 50
        },
        "RollerBall.Policy.LearningRate.mean": {
            "value": 2.970785317302216e-06,
            "min": 2.970785317302216e-06,
            "max": 0.00029683642787858844,
            "count": 50
        },
        "RollerBall.Policy.Epsilon.mean": {
            "value": 0.10099022835493088,
            "min": 0.10099022835493088,
            "max": 0.19894544780254364,
            "count": 50
        },
        "RollerBall.Policy.Beta.mean": {
            "value": 1.4852120330033358e-05,
            "min": 1.4852120330033358e-05,
            "max": 0.0004948327550664544,
            "count": 50
        },
        "RollerBall.IsTraining.mean": {
            "value": 1.0,
            "min": 1.0,
            "max": 1.0,
            "count": 50
        }
    },
    "metadata": {
        "timer_format_version": "0.1.0",
        "start_time_seconds": "1594208519",
        "python_version": "3.6.9 (default, Apr 18 2020, 01:56:04) \n[GCC 8.4.0]",
        "command_line_arguments": "/usr/local/bin/mlagents-learn config/rollerball_config.yaml --env=GameWindow/Roller3D_9Agents.x86_64 --run-id=ColabTrainingSecond9Agents --no-graphics",
        "mlagents_version": "0.17.0",
        "mlagents_envs_version": "0.17.0",
        "communication_protocol_version": "1.0.0",
        "tensorflow_version": "2.2.0",
        "end_time_seconds": "1594209651"
    },
    "total": 1131.8935072999993,
    "count": 1,
    "self": 0.22664972499933356,
    "children": {
        "run_training.setup": {
            "total": 0.009734534000017447,
            "count": 1,
            "self": 0.009734534000017447
        },
        "TrainerController.start_learning": {
            "total": 1131.657123041,
            "count": 1,
            "self": 121.5090076392753,
            "children": {
                "TrainerController._reset_env": {
                    "total": 0.4790034969992121,
                    "count": 1,
                    "self": 0.4790034969992121
                },
                "TrainerController.advance": {
                    "total": 1009.5290362077249,
                    "count": 118387,
                    "self": 2.951013038642486,
                    "children": {
                        "env_step": {
                            "total": 1006.5780231690824,
                            "count": 118387,
                            "self": 903.0803149832409,
                            "children": {
                                "SubprocessEnvManager._take_step": {
                                    "total": 100.7495444718943,
                                    "count": 118387,
                                    "self": 5.595320954863382,
                                    "children": {
                                        "NNPolicy.evaluate": {
                                            "total": 95.15422351703091,
                                            "count": 55577,
                                            "self": 95.15422351703091
                                        }
                                    }
                                },
                                "workers": {
                                    "total": 2.7481637139471786,
                                    "count": 118387,
                                    "self": 0.0,
                                    "children": {
                                        "worker_root": {
                                            "total": 1124.603391015099,
                                            "count": 118387,
                                            "is_parallel": true,
                                            "self": 698.1892606620922,
                                            "children": {
                                                "run_training.setup": {
                                                    "total": 0.0,
                                                    "count": 0,
                                                    "is_parallel": true,
                                                    "self": 0.0,
                                                    "children": {
                                                        "steps_from_proto": {
                                                            "total": 0.0007191470003817813,
                                                            "count": 1,
                                                            "is_parallel": true,
                                                            "self": 0.00017995599955611397,
                                                            "children": {
                                                                "_process_vector_observation": {
                                                                    "total": 0.0005391910008256673,
                                                                    "count": 2,
                                                                    "is_parallel": true,
                                                                    "self": 0.0005391910008256673
                                                                }
                                                            }
                                                        },
                                                        "UnityEnvironment.step": {
                                                            "total": 0.021956978000162053,
                                                            "count": 1,
                                                            "is_parallel": true,
                                                            "self": 0.0002159710002160864,
                                                            "children": {
                                                                "UnityEnvironment._generate_step_input": {
                                                                    "total": 0.000239236999732384,
                                                                    "count": 1,
                                                                    "is_parallel": true,
                                                                    "self": 0.000239236999732384
                                                                },
                                                                "communicator.exchange": {
                                                                    "total": 0.0210243100000298,