{
    "name": "root",
    "gauges": {
        "RollerBall.Policy.Entropy.mean": {
            "value": 1.3060225248336792,
            "min": 1.300724983215332,
            "max": 1.4142874479293823,
            "count": 50
        },
        "RollerBall.Environment.EpisodeLength.mean": {
            "value": 5.542406311637081,
            "min": 5.358958068614994,
            "max": 10.0119825708061,
            "count": 50
        },
        "RollerBall.Policy.ExtrinsicValueEstimate.mean": {
            "value": 0.9588726162910461,
            "min": 0.3728635311126709,
            "max": 0.9707375168800354,
            "count": 50
        },
        "RollerBall.Environment.CumulativeReward.mean": {
            "value": 0.9823413996075867,
            "min": 0.432194046306505,
            "max": 0.9972936400541272,
            "count": 50
        },
        "RollerBall.Policy.ExtrinsicReward.mean": {
            "value": 0.9823413996075867,
            "min": 0.432194046306505,
            "max": 0.9972936400541272,
            "count": 50
        },
        "RollerBall.Losses.ValueLoss.mean": {
            "value": 0.004867808427661657,
            "min": 0.0010150675661861897,
            "max": 0.13647930324077606,
            "count": 50
        },
        "RollerBall.Losses.PolicyLoss.mean": {
            "value": 0.2381751388311386,
            "min": 0.2367205172777176,
            "max": 0.24971845746040344,
            "count": 50
        },
        "RollerBall.Policy.LearningRate.mean": {
            "value": 2.9489333428500686e-06,
            "min": 2.9489333428500686e-06,
            "max": 0.000296722020721063,
            "count": 50
        },
        "RollerBall.Policy.Epsilon.mean": {
            "value": 0.10098294913768768,
            "min": 0.10098294913768768,
            "max": 0.19890736043453217,
            "count": 50
        },
        "RollerBall.Policy.Beta.mean": {
            "value": 1.4816428119956981e-05,
            "min": 1.4816428119956981e-05,
            "max": 0.0004946459084749222,
            "count": 50
        },
        "RollerBall.IsTraining.mean": {
            "value": 1.0,
            "min": 1.0,
            "max": 1.0,
            "count": 50
        }
    },
    "metadata": {
        "timer_format_version": "0.1.0",
        "start_time_seconds": "1594204135",
        "python_version": "3.7.5 (default, Apr 19 2020, 20:18:17) \n[GCC 9.2.1 20191008]",
        "command_line_arguments": "/home/danilo/Unity3D/RollerBallNew/env/bin/mlagents-learn config/rollerball_config.yaml --env=GameWindow/Roller3D_9Agents.x86_64 --run-id=9AgentsTraining",
        "mlagents_version": "0.17.0",
        "mlagents_envs_version": "0.17.0",
        "communication_protocol_version": "1.0.0",
        "tensorflow_version": "2.2.0",
        "end_time_seconds": "1594206034"
    },
    "total": 1899.515721157004,
    "count": 1,
    "self": 0.38885780901182443,
    "children": {
        "run_training.setup": {
            "total": 0.014065923998714425,
            "count": 1,
            "self": 0.014065923998714425
        },
        "TrainerController.start_learning": {
            "total": 1899.1127974239935,
            "count": 1,
            "self": 229.9523357173457,
            "children": {
                "TrainerController._reset_env": {
                    "total": 3.4014556879992597,
                    "count": 1,
                    "self": 3.4014556879992597
                },
                "TrainerController.advance": {
                    "total": 1665.592445756658,
                    "count": 117146,
                    "self": 3.7771154208894586,
                    "children": {
                        "env_step": {
                            "total": 1661.8153303357685,
                            "count": 117146,
                            "self": 1497.006675242359,
                            "children": {
                                "SubprocessEnvManager._take_step": {
                                    "total": 161.68058441241737,
                                    "count": 117146,
                                    "self": 7.393982109395438,
                                    "children": {
                                        "NNPolicy.evaluate": {
                                            "total": 154.28660230302194,
                                            "count": 55574,
                                            "self": 154.28660230302194
                                        }
                                    }
                                },
                                "workers": {
                                    "total": 3.1280706809920957,
                                    "count": 117146,
                                    "self": 0.0,
                                    "children": {
                                        "worker_root": {
                                            "total": 1891.031225078812,
                                            "count": 117146,
                                            "is_parallel": true,
                                            "self": 1170.3630049643398,
                                            "children": {
                                                "run_training.setup": {
                                                    "total": 0.0,
                                                    "count": 0,
                                                    "is_parallel": true,
                                                    "self": 0.0,
                                                    "children": {
                                                        "steps_from_proto": {
                                                            "total": 0.0006221459916559979,
                                                            "count": 1,
                                                            "is_parallel": true,
                                                            "self": 0.00017420998483430594,
                                                            "children": {
                                                                "_process_vector_observation": {
                                                                    "total": 0.000447936006821692,
                                                                    "count": 2,
                                                                    "is_parallel": true,
                                                                    "self": 0.000447936006821692
                                                                }
                                                            }
                                                        },
                                                        "UnityEnvironment.step": {
                                                            "total": 0.022616394999204203,
                                                            "count": 1,
                                                            "is_parallel": true,
                                                            "self": 0.00013804300397168845,
                                                            "children": {
                                                                "UnityEnvironment._generate_step_input": {
                                                                    "total": 0.00025701300182845443,
                                                                    "count": 1,
                                                                    "is_parallel": true,
                                                                    "self": 0.00025701300182845443
                                                                },