{
    "name": "root",
    "gauges": {
        "RollerBall.Policy.Entropy.mean": {
            "value": 1.2646135091781616,
            "min": 1.2509996891021729,
            "max": 1.396094560623169,
            "count": 50
        },
        "RollerBall.Environment.EpisodeLength.mean": {
            "value": 5.63251817580965,
            "min": 5.437660668380463,
            "max": 15.222575516693164,
            "count": 50
        },
        "RollerBall.Policy.ExtrinsicValueEstimate.mean": {
            "value": 0.9626833200454712,
            "min": 0.3548680245876312,
            "max": 0.9703533053398132,
            "count": 50
        },
        "RollerBall.Environment.CumulativeReward.mean": {
            "value": 0.9874255459960292,
            "min": 0.35947712418300654,
            "max": 0.9992401215805471,
            "count": 50
        },
        "RollerBall.Policy.ExtrinsicReward.mean": {
            "value": 0.9874255459960292,
            "min": 0.35947712418300654,
            "max": 0.9992401215805471,
            "count": 50
        },
        "RollerBall.Losses.ValueLoss.mean": {
            "value": 0.0036455232184380293,
            "min": 0.0017590007046237588,
            "max": 0.30467313528060913,
            "count": 50
        },
        "RollerBall.Losses.PolicyLoss.mean": {
            "value": 0.2434634119272232,
            "min": 0.23381683230400085,
            "max": 0.251753568649292,
            "count": 50
        },
        "RollerBall.Policy.LearningRate.mean": {
            "value": 3.0091384815023048e-06,
            "min": 3.0091384815023048e-06,
            "max": 0.0002968374756164849,
            "count": 50
        },
        "RollerBall.Policy.Epsilon.mean": {
            "value": 0.1010030210018158,
            "min": 0.1010030210018158,
            "max": 0.19894585013389587,
            "count": 50
        },
        "RollerBall.Policy.Beta.mean": {
            "value": 1.4914764506102074e-05,
            "min": 1.4914764506102074e-05,
            "max": 0.0004948346177116036,
            "count": 50
        },
        "RollerBall.IsTraining.mean": {
            "value": 1.0,
            "min": 1.0,
            "max": 1.0,
            "count": 50
        }
    },
    "metadata": {
        "timer_format_version": "0.1.0",
        "start_time_seconds": "1594217090",
        "python_version": "3.6.9 (default, Apr 18 2020, 01:56:04) \n[GCC 8.4.0]",
        "command_line_arguments": "/usr/local/bin/mlagents-learn minicursomlagents/config/rollerball_config.yaml --env=minicursomlagents/GameWindow/Roller3D_25Agents.x86_64 --run-id=ColabTrainingSecond25Agents --no-graphics",
        "mlagents_version": "0.17.0",
        "mlagents_envs_version": "0.17.0",
        "communication_protocol_version": "1.0.0",
        "tensorflow_version": "2.2.0",
        "end_time_seconds": "1594217850"
    },
    "total": 759.92080162,
    "count": 1,
    "self": 0.23088117699990107,
    "children": {
        "run_training.setup": {
            "total": 0.009718951999730052,
            "count": 1,
            "self": 0.009718951999730052
        },
        "TrainerController.start_learning": {
            "total": 759.6802014910004,
            "count": 1,
            "self": 64.53598373812792,
            "children": {
                "TrainerController._reset_env": {
                    "total": 0.4529754509999293,
                    "count": 1,
                    "self": 0.4529754509999293
                },
                "TrainerController.advance": {
                    "total": 694.5683901348725,
                    "count": 74801,
                    "self": 1.1749471909388376,
                    "children": {
                        "env_step": {
                            "total": 693.3934429439337,
                            "count": 74801,
                            "self": 660.5959061497365,
                            "children": {
                                "SubprocessEnvManager._take_step": {
                                    "total": 31.44130971209097,
                                    "count": 74801,
                                    "self": 2.254172480136276,
                                    "children": {
                                        "NNPolicy.evaluate": {
                                            "total": 29.187137231954694,
                                            "count": 20010,
                                            "self": 29.187137231954694
                                        }
                                    }
                                },
                                "workers": {
                                    "total": 1.3562270821062157,
                                    "count": 74801,
                                    "self": 0.0,
                                    "children": {
                                        "worker_root": {
                                            "total": 756.0747218358565,
                                            "count": 74801,
                                            "is_parallel": true,
                                            "self": 542.1947655897507,
                                            "children": {
                                                "run_training.setup": {
                                                    "total": 0.0,
                                                    "count": 0,
                                                    "is_parallel": true,
                                                    "self": 0.0,
                                                    "children": {
                                                        "steps_from_proto": {
                                                            "total": 0.0008581040001445217,
                                                            "count": 1,
                                                            "is_parallel": true,
                                                            "self": 0.00021632900052281911,
                                                            "children": {
                                                                "_process_vector_observation": {
                                                                    "total": 0.0006417749996217026,
                                                                    "count": 2,
                                                                    "is_parallel": true,
                                                                    "self": 0.0006417749996217026
                                                                }
                                                            }
                                                        },
                                                        "UnityEnvironment.step": {
                                                            "total": 0.02096469200023421,
                                                            "count": 1,
                                                            "is_parallel": true,
                                                            "self": 0.0001584220003678638,
                                                            "children": {
                                                                "UnityEnvironment._generate_step_input": {
                                                                    "total": 0.00039990300001591095,
                                                                    "count": 1,
                                                                    "is_parallel": true,
                                                                    "self": 0.00039990300001591095
                                                                },