{
    "name": "root",
    "gauges": {
        "RollerBall.Policy.Entropy.mean": {
            "value": 1.1563876867294312,
            "min": 1.1563876867294312,
            "max": 1.4084700345993042,
            "count": 50
        },
        "RollerBall.Environment.EpisodeLength.mean": {
            "value": 5.353875476493012,
            "min": 5.2475,
            "max": 58.36887608069164,
            "count": 49
        },
        "RollerBall.Policy.ExtrinsicValueEstimate.mean": {
            "value": 0.9637822508811951,
            "min": 0.01378576084971428,
            "max": 0.9706644415855408,
            "count": 50
        },
        "RollerBall.Environment.CumulativeReward.mean": {
            "value": 0.9847522236340533,
            "min": 0.6682170542635659,
            "max": 0.9955640050697085,
            "count": 49
        },
        "RollerBall.Policy.ExtrinsicReward.mean": {
            "value": 0.9847522236340533,
            "min": 0.6682170542635659,
            "max": 0.9955640050697085,
            "count": 49
        },
        "RollerBall.Losses.ValueLoss.mean": {
            "value": 0.004544707015156746,
            "min": 7.128703873604536e-05,
            "max": 0.10370922088623047,
            "count": 50
        },
        "RollerBall.Losses.PolicyLoss.mean": {
            "value": 0.24221782386302948,
            "min": 0.23127086460590363,
            "max": 0.24814748764038086,
            "count": 50
        },
        "RollerBall.Policy.LearningRate.mean": {
            "value": 3.0065943974477705e-06,
            "min": 3.0065943974477705e-06,
            "max": 0.0002969650668092072,
            "count": 50
        },
        "RollerBall.Policy.Epsilon.mean": {
            "value": 0.10100217163562775,
            "min": 0.10100217163562775,
            "max": 0.19898831844329834,
            "count": 50
        },
        "RollerBall.Policy.Beta.mean": {
            "value": 1.4910609024809673e-05,
            "min": 1.4910609024809673e-05,
            "max": 0.000495042884722352,
            "count": 50
        },
        "RollerBall.IsTraining.mean": {
            "value": 1.0,
            "min": 1.0,
            "max": 1.0,
            "count": 50
        }
    },
    "metadata": {
        "timer_format_version": "0.1.0",
        "start_time_seconds": "1594168515",
        "python_version": "3.7.5 (default, Apr 19 2020, 20:18:17) \n[GCC 9.2.1 20191008]",
        "command_line_arguments": "/home/danilo/Unity3D/RollerBallNew/env/bin/mlagents-learn config/rollerball_config.yaml --env=GameWindow/Roller3D.x86_64 --run-id=firstTraining --force",
        "mlagents_version": "0.17.0",
        "mlagents_envs_version": "0.17.0",
        "communication_protocol_version": "1.0.0",
        "tensorflow_version": "2.2.0",
        "end_time_seconds": "1594172420"
    },
    "total": 3904.8365891540016,
    "count": 1,
    "self": 0.2749477469988051,
    "children": {
        "run_training.setup": {
            "total": 0.006555856001796201,
            "count": 1,
            "self": 0.006555856001796201
        },
        "TrainerController.start_learning": {
            "total": 3904.555085551001,
            "count": 1,
            "self": 255.07592600310454,
            "children": {
                "TrainerController._reset_env": {
                    "total": 3.1415044109962764,
                    "count": 1,
                    "self": 3.1415044109962764
                },
                "TrainerController.advance": {
                    "total": 3646.224687089896,
                    "count": 560340,
                    "self": 9.01543851725728,
                    "children": {
                        "env_step": {
                            "total": 3637.209248572639,
                            "count": 560340,
                            "self": 3131.615052767018,
                            "children": {
                                "SubprocessEnvManager._take_step": {
                                    "total": 496.7078403597916,
                                    "count": 560340,
                                    "self": 23.13520321554097,
                                    "children": {
                                        "NNPolicy.evaluate": {
                                            "total": 473.5726371442506,
                                            "count": 500011,
                                            "self": 473.5726371442506
                                        }
                                    }
                                },
                                "workers": {
                                    "total": 8.886355445829395,
                                    "count": 560340,
                                    "self": 0.0,
                                    "children": {
                                        "worker_root": {
                                            "total": 3880.242274366363,
                                            "count": 560340,
                                            "is_parallel": true,
                                            "self": 1642.7119136524634,
                                            "children": {
                                                "run_training.setup": {
                                                    "total": 0.0,
                                                    "count": 0,
                                                    "is_parallel": true,
                                                    "self": 0.0,
                                                    "children": {
                                                        "steps_from_proto": {
                                                            "total": 0.0005164479953236878,
                                                            "count": 1,
                                                            "is_parallel": true,
                                                            "self": 0.00014212199312169105,
                                                            "children": {
                                                                "_process_vector_observation": {
                                                                    "total": 0.00037432600220199674,
                                                                    "count": 2,
                                                                    "is_parallel": true,
                                                                    "self": 0.00037432600220199674
                                                                }
                                                            }
                                                        },
                                                        "UnityEnvironment.step": {
                                                            "total": 0.021442425000714138,
                                                            "count": 1,
                                                            "is_parallel": true,
                                                            "self": 0.00012068499927408993,
                                                            "children": {
                                                                "UnityEnvironment._generate_step_input": {
                                                                    "total": 0.00011803999950643629,
                                                                    "count": 1,
                                                                    "is_parallel": true,
                                                                    "self": 0.00011803999950643629
                                                                },